{
    "restartPoint": {},
    "restartBot": {},
    "userAgent": {},
    "keyCommand": "SELFBOT-BY:MAX",
    "namecreator": "SELFBOT-BY:MAX",
    "autoAdd": true,
    "autoJoin": true,
    "autoReject": false,
    "autoLeave": true,
    "autoRead": false,
    "server": {},
    "changePicture": false,
    "changeGroupPicture": false,
    "autoJoinTicket": true,
    "Img": {},
    "Images": {},
    "Addimage": false,
    "ADITMADZSAdmin": {},
    "ADITMADZSGfoto": {},
    "ADITMADZSSDadmin": false,
    "ADITMADZSSDstaff": false,
    "ADITMADZSSadmin": false,
    "ADITMADZSSstaff": false,
    "ADITMADZSStaff": {},
    "ADITMADZSautojoin": true,
    "ADITMADZSautoread": false,
    "ADITMADZSautoscan": false,
    "ADITMADZSblacklist": {},
    "ADITMADZSdblacklist": false,
    "ADITMADZSfoto": {},
    "ADITMADZSgreet": {},
    "ADITMADZSlimit": 1,
    "ADITMADZSmessage": "รั ก น ะ ค รั บ ^_^",
    "ADITMADZSmessage1": "Creator\nhttp://line.me/ti/p/~max_pv",
    "ADITMADZSprotcancel": {},
    "ADITMADZSprotinvite": {},
    "ADITMADZSprotkick": {},
    "ADITMADZSprotqr": {},
    "ADITMADZSreadMember": {},
    "ADITMADZSreadPoint": {},
    "ADITMADZSwblacklist": false
}
