{
    "Mentiongift": false,
    "Mentionkick": false,
    "Respontag": "พ่ อ มึ ง ต า ย ห ร อ ไ อ่ สั ส\nแ ท ค ท ำ ค ว ย อ ะ ไ ร นั ก ^o^",
    "Talkblacklist": {},
    "Talkdblacklist": false,
    "Talkwblacklist": false,
    "addadmin": false,
    "addbots": false,
    "addstaff": false,
    "admin": {},
    "autoAdd": true,
    "autoJoin": true,
    "autoJoinTicket": true,
    "autoLeave": false,
    "autoLeave1": true,
    "blacklist": {
        "u2b2e60930f1365f0806c7d0a6898cc93": true,
        "u705189478e7afd24a601fd25827e6b15": true,
        "ub3c2810ee372305631758bd937deb517": true
    },
    "bots": {},
    "comment": "Like like & like by SELFBOT-BY:MAX",
    "contact": false,
    "dblacklist": false,
    "delladmin": true,
    "dellbots": false,
    "dellstaff": false,
    "detectMention": false,
    "leave": "Good Bye, See You Next Time ??",
    "limit": 10,
    "mention": "read bae, nongol napa bales chat -_-",
    "message": "บัญชีนี้ได้รับการป้องกันโดย\n💀 SELFBOT-BY:MAX 💀\nทางบัญชีจึงขอทำการบล็อค\nเพื่อความปลอดภัยในบัญชี >_<",
    "owner": {},
    "selfbot": true,
    "staff": {},
    "sticker": false,
    "talkban": false,
    "unsend": true,
    "wblacklist": false,
    "welcome": "Selamat datang",
    "welcomeOn": false
}
